Start	End	#1	#2	Seq #1	Seq #2	Diff
4	11	L	N	GKDGNASV	GKDGNAST	0.125
39	44	L	N	AVKEVE	AVKEVA	0.16667
55	60	L	N	-KAIGK	-KAIGK	0.0
71	85	L	N	DGAHNGSLLAGAYKI	VQNFNASLLAGAHTI	0.46667
89	89	L	N	I	V	1.0
112	116	L	N	AKECS	AKKCS	0.2
134	148	L	N	D--ASDDDAKKAILK	GGATTDEEAKKAILR	0.53333
155	157	L	N	TKG	DKG	0.33333
173	195	L	N	KAAKEMLANSVKELTSPVVAESP	KAAQDALANSVNELTGPVVAETP	0.26087
4	11	L	E	GKDGNASV	GKDGNASA	0.125
39	44	L	E	AVKEVE	AVKEVE	0.0
55	60	L	E	-KAIGK	TKAIGK	0.16667
71	85	L	E	DGAHNGSLLAGAYKI	NQSKNTSLLSGAYAI	0.46667
89	89	L	E	I	I	0.0
112	116	L	E	AKECS	AKQCS	0.2
134	148	L	E	D--ASDDDAKKAILK	N--LTDDNAQRAILK	0.4
155	157	L	E	TKG	DKG	0.33333
173	195	L	E	KAAKEMLANSVKELTSPVVAESP	KAAQDTLKNAVKELTSPIVAESP	0.26087
4	11	L	G	GKDGNASV	GKDGNAST	0.125
39	44	L	G	AVKEVE	AVKEVA	0.16667
55	60	L	G	-KAIGK	-KAIGK	0.0
71	85	L	G	DGAHNGSLLAGAYKI	DANHNTSLLAGAHEI	0.26667
89	89	L	G	I	I	0.0
112	116	L	G	AKECS	AKKCS	0.2
134	148	L	G	D--ASDDDAKKAILK	AGNATDDNAKRAILK	0.4
155	157	L	G	TKG	DKG	0.33333
173	195	L	G	KAAKEMLANSVKELTSPVVAESP	KAAQAALANSVQELTSPVVAETP	0.21739
4	11	L	B	GKDGNASV	GKDGNTSA	0.25
39	44	L	B	AVKEVE	AVKEVE	0.0
55	60	L	B	-KAIGK	-KAIGK	0.0
71	85	L	B	DGAHNGSLLAGAYKI	EANRNESLLAGAYTI	0.33333
89	89	L	B	I	I	0.0
112	116	L	B	AKECS	AKKCS	0.2
134	148	L	B	D--ASDDDAKKAILK	G--VTDENAKKAILK	0.33333
155	157	L	B	TKG	DKG	0.33333
173	195	L	B	KAAKEMLANSVKELTSPVVAESP	KAAKEMLANSVKELTSPVVVESP	0.04348
4	11	L	U	GKDGNASV	GKDGNASA	0.125
39	44	L	U	AVKEVE	AVKEVE	0.0
55	60	L	U	-KAIGK	SKAIGK	0.16667
71	85	L	U	DGAHNGSLLAGAYKI	LQGQNGSLLAGAYAI	0.26667
89	89	L	U	I	I	0.0
112	116	L	U	AKECS	AKGCS	0.2
134	148	L	U	D--ASDDDAKKAILK	A--ATDANAKDAILK	0.33333
155	157	L	U	TKG	TKG	0.0
173	195	L	U	KAAKEMLANSVKELTSPVVAESP	KAAKEMLANSVKELTSPVVAESP	0.0
4	11	L	O	GKDGNASV	GKDGNTSA	0.25
39	44	L	O	AVKEVE	AVKEVE	0.0
55	60	L	O	-KAIGK	-KAIGK	0.0
71	85	L	O	DGAHNGSLLAGAYKI	QANHNVSLLAGAYEI	0.26667
89	89	L	O	I	I	0.0
112	116	L	O	AKECS	AKKCS	0.2
134	148	L	O	D--ASDDDAKKAILK	N--ANDANAKAAILK	0.33333
155	157	L	O	TKG	DKG	0.33333
173	195	L	O	KAAKEMLANSVKELTSPVVAESP	KVAQEMLNNSVKELTSPVVAENP	0.17391
4	11	L	D	GKDGNASV	GKDGNTSA	0.25
39	44	L	D	AVKEVE	AVKEVE	0.0
55	60	L	D	-KAIGK	KKAIGK	0.16667
71	85	L	D	DGAHNGSLLAGAYKI	LDNHNGSLLAGAYAI	0.2
89	89	L	D	I	I	0.0
112	116	L	D	AKECS	AKKCS	0.2
134	148	L	D	D--ASDDDAKKAILK	N--ATDDNAKKAILK	0.2
155	157	L	D	TKG	DKG	0.33333
173	195	L	D	KAAKEMLANSVKELTSPVVAESP	KAAQAILANSVKELTSPVVAESP	0.13043
4	11	L	H	GKDGNASV	GKDGNASA	0.125
39	44	L	H	AVKEVE	AVKEVE	0.0
55	60	L	H	-KAIGK	-KAIGK	0.0
71	85	L	H	DGAHNGSLLAGAYKI	DGGQNGSLLAGAYAI	0.2
89	89	L	H	I	I	0.0
112	116	L	H	AKECS	AKDCS	0.2
134	148	L	H	D--ASDDDAKKAILK	D--ATDDDAKKAILK	0.06667
155	157	L	H	TKG	DKG	0.33333
173	195	L	H	KAAKEMLANSVKELTSPVVAESP	KAAKEMLTNSVKELTSPVVAESP	0.04348
4	11	L	J	GKDGNASV	GKDGNTSA	0.25
39	44	L	J	AVKEVE	AVKEIE	0.16667
55	60	L	J	-KAIGK	TKAIGK	0.16667
71	85	L	J	DGAHNGSLLAGAYKI	EVGQNGSLLAGAYAI	0.26667
89	89	L	J	I	I	0.0
112	116	L	J	AKECS	AKDCS	0.2
134	148	L	J	D--ASDDDAKKAILK	D--ASDDDAKKAILK	0.0
155	157	L	J	TKG	DKG	0.33333
173	195	L	J	KAAKEMLANSVKELTSPVVAESP	KAAKEMLNKSVKELTSPIVAESP	0.08696
4	11	L	I	GKDGNASV	GKDGNTSA	0.25
39	44	L	I	AVKEVE	AVKEVE	0.0
55	60	L	I	-KAIGK	-KAIGK	0.0
71	85	L	I	DGAHNGSLLAGAYKI	EADHNGSLISGAYLI	0.33333
89	89	L	I	I	I	0.0
112	116	L	I	AKECS	AKKCS	0.2
134	148	L	I	D--ASDDDAKKAILK	G--VTDDNAKKAILK	0.26667
155	157	L	I	TKG	TKG	0.0
173	195	L	I	KAAKEMLANSVKELTSPVVAESP	KAAKEMLTNSVKELTSPVVAESP	0.04348
4	11	L	A	GKDGNASV	GKDGNTSA	0.25
39	44	L	A	AVKEVE	AVKEVE	0.0
55	60	L	A	-KAIGK	AKAIGK	0.16667
71	85	L	A	DGAHNGSLLAGAYKI	ENNHNGSLLAGAYAI	0.26667
89	89	L	A	I	I	0.0
112	116	L	A	AKECS	AKKCS	0.2
134	148	L	A	D--ASDDDAKKAILK	G--VTDADAKEAILK	0.33333
155	157	L	A	TKG	TKG	0.0
173	195	L	A	KAAKEMLANSVKELTSPVVAESP	KAAKEMLANSVKELTSPVVAESP	0.0
4	11	L	K	GKDGNASV	GKDGNTSA	0.25
39	44	L	K	AVKEVE	AVKEIE	0.16667
55	60	L	K	-KAIGK	TKAIGK	0.16667
71	85	L	K	DGAHNGSLLAGAYKI	EAGHNGTLLAGAYTI	0.26667
89	89	L	K	I	I	0.0
112	116	L	K	AKECS	AKKCS	0.2
134	148	L	K	D--ASDDDAKKAILK	N--VTDENAKKAILI	0.4
155	157	L	K	TKG	DKG	0.33333
173	195	L	K	KAAKEMLANSVKELTSPVVAESP	KAAKEMLANSVKELTSPIVAESP	0.04348
4	11	L	C	GKDGNASV	GKDGNASA	0.125
39	44	L	C	AVKEVE	AVKEVE	0.0
55	60	L	C	-KAIGK	-KAIGK	0.0
71	85	L	C	DGAHNGSLLAGAYKI	EADNNGSLIAGAYTI	0.33333
89	89	L	C	I	I	0.0
112	116	L	C	AKECS	AKKCS	0.2
134	148	L	C	D--ASDDDAKKAILK	D--ATDVHAKEAILK	0.26667
155	157	L	C	TKG	DKG	0.33333
173	195	L	C	KAAKEMLANSVKELTSPVVAESP	KAAKEMLSNSVKELTSPVVAESP	0.04348
4	11	L	M	GKDGNASV	GKDGNTSA	0.25
39	44	L	M	AVKEVE	AVKEVE	0.0
55	60	L	M	-KAIGK	KKAIGN	0.33333
71	85	L	M	DGAHNGSLLAGAYKI	GANQNGSLLAGAYVI	0.2
89	89	L	M	I	I	0.0
112	116	L	M	AKECS	AKKCN	0.4
134	148	L	M	D--ASDDDAKKAILK	NGAATDANAKAAILK	0.46667
155	157	L	M	TKG	DKG	0.33333
173	195	L	M	KAAKEMLANSVKELTSPVVAESP	KAAQETLNNSVKELTSPVVAENP	0.17391
4	11	L	T	GKDGNASV	GKDGNASV	0.0
39	44	L	T	AVKEVE	AVKEVE	0.0
55	60	L	T	-KAIGK	NKAIGQ	0.33333
71	85	L	T	DGAHNGSLLAGAYKI	DAGHNGPLLAGAYAI	0.2
89	89	L	T	I	I	0.0
112	116	L	T	AKECS	AKKCS	0.2
134	148	L	T	D--ASDDDAKKAILK	GGNATDENAKQAILK	0.53333
155	157	L	T	TKG	TKG	0.0
173	195	L	T	KAAKEMLANSVKELTSPVVAESP	KAAQAMLTNSVKELTSPVVAETP	0.17391
4	11	L	F	GKDGNASV	GKDGNTSA	0.25
39	44	L	F	AVKEVE	AVKEIE	0.16667
55	60	L	F	-KAIGK	TKAIGQ	0.33333
71	85	L	F	DGAHNGSLLAGAYKI	QANQNGSLLAGAYAI	0.26667
89	89	L	F	I	I	0.0
112	116	L	F	AKECS	VKKCS	0.4
134	148	L	F	D--ASDDDAKKAILK	A--ATDDNAKAAILK	0.26667
155	157	L	F	TKG	DKG	0.33333
173	195	L	F	KAAKEMLANSVKELTSPVVAESP	KAAQVMLTNSVKELTSPVVAESP	0.13043
4	11	N	E	GKDGNAST	GKDGNASA	0.125
39	44	N	E	AVKEVA	AVKEVE	0.16667
55	60	N	E	-KAIGK	TKAIGK	0.16667
71	85	N	E	VQNFNASLLAGAHTI	NQSKNTSLLSGAYAI	0.46667
89	89	N	E	V	I	1.0
112	116	N	E	AKKCS	AKQCS	0.2
134	148	N	E	GGATTDEEAKKAILR	N--LTDDNAQRAILK	0.6
155	157	N	E	DKG	DKG	0.0
173	195	N	E	KAAQDALANSVNELTGPVVAETP	KAAQDTLKNAVKELTSPIVAESP	0.34783
4	11	N	G	GKDGNAST	GKDGNAST	0.0
39	44	N	G	AVKEVA	AVKEVA	0.0
55	60	N	G	-KAIGK	-KAIGK	0.0
71	85	N	G	VQNFNASLLAGAHTI	DANHNTSLLAGAHEI	0.33333
89	89	N	G	V	I	1.0
112	116	N	G	AKKCS	AKKCS	0.0
134	148	N	G	GGATTDEEAKKAILR	AGNATDDNAKRAILK	0.4
155	157	N	G	DKG	DKG	0.0
173	195	N	G	KAAQDALANSVNELTGPVVAETP	KAAQAALANSVQELTSPVVAETP	0.13043
4	11	N	B	GKDGNAST	GKDGNTSA	0.25
39	44	N	B	AVKEVA	AVKEVE	0.16667
55	60	N	B	-KAIGK	-KAIGK	0.0
71	85	N	B	VQNFNASLLAGAHTI	EANRNESLLAGAYTI	0.33333
89	89	N	B	V	I	1.0
112	116	N	B	AKKCS	AKKCS	0.0
134	148	N	B	GGATTDEEAKKAILR	G--VTDENAKKAILK	0.33333
155	157	N	B	DKG	DKG	0.0
173	195	N	B	KAAQDALANSVNELTGPVVAETP	KAAKEMLANSVKELTSPVVVESP	0.30435
4	11	N	U	GKDGNAST	GKDGNASA	0.125
39	44	N	U	AVKEVA	AVKEVE	0.16667
55	60	N	U	-KAIGK	SKAIGK	0.16667
71	85	N	U	VQNFNASLLAGAHTI	LQGQNGSLLAGAYAI	0.4
89	89	N	U	V	I	1.0
112	116	N	U	AKKCS	AKGCS	0.2
134	148	N	U	GGATTDEEAKKAILR	A--ATDANAKDAILK	0.46667
155	157	N	U	DKG	TKG	0.33333
173	195	N	U	KAAQDALANSVNELTGPVVAETP	KAAKEMLANSVKELTSPVVAESP	0.26087
4	11	N	O	GKDGNAST	GKDGNTSA	0.25
39	44	N	O	AVKEVA	AVKEVE	0.16667
55	60	N	O	-KAIGK	-KAIGK	0.0
71	85	N	O	VQNFNASLLAGAHTI	QANHNVSLLAGAYEI	0.46667
89	89	N	O	V	I	1.0
112	116	N	O	AKKCS	AKKCS	0.0
134	148	N	O	GGATTDEEAKKAILR	N--ANDANAKAAILK	0.53333
155	157	N	O	DKG	DKG	0.0
173	195	N	O	KAAQDALANSVNELTGPVVAETP	KVAQEMLNNSVKELTSPVVAENP	0.30435
4	11	N	D	GKDGNAST	GKDGNTSA	0.25
39	44	N	D	AVKEVA	AVKEVE	0.16667
55	60	N	D	-KAIGK	KKAIGK	0.16667
71	85	N	D	VQNFNASLLAGAHTI	LDNHNGSLLAGAYAI	0.4
89	89	N	D	V	I	1.0
112	116	N	D	AKKCS	AKKCS	0.0
134	148	N	D	GGATTDEEAKKAILR	N--ATDDNAKKAILK	0.4
155	157	N	D	DKG	DKG	0.0
173	195	N	D	KAAQDALANSVNELTGPVVAETP	KAAQAILANSVKELTSPVVAESP	0.17391
4	11	N	H	GKDGNAST	GKDGNASA	0.125
39	44	N	H	AVKEVA	AVKEVE	0.16667
55	60	N	H	-KAIGK	-KAIGK	0.0
71	85	N	H	VQNFNASLLAGAHTI	DGGQNGSLLAGAYAI	0.4
89	89	N	H	V	I	1.0
112	116	N	H	AKKCS	AKDCS	0.2
134	148	N	H	GGATTDEEAKKAILR	D--ATDDDAKKAILK	0.4
155	157	N	H	DKG	DKG	0.0
173	195	N	H	KAAQDALANSVNELTGPVVAETP	KAAKEMLTNSVKELTSPVVAESP	0.30435
4	11	N	J	GKDGNAST	GKDGNTSA	0.25
39	44	N	J	AVKEVA	AVKEIE	0.33333
55	60	N	J	-KAIGK	TKAIGK	0.16667
71	85	N	J	VQNFNASLLAGAHTI	EVGQNGSLLAGAYAI	0.33333
89	89	N	J	V	I	1.0
112	116	N	J	AKKCS	AKDCS	0.2
134	148	N	J	GGATTDEEAKKAILR	D--ASDDDAKKAILK	0.46667
155	157	N	J	DKG	DKG	0.0
173	195	N	J	KAAQDALANSVNELTGPVVAETP	KAAKEMLNKSVKELTSPIVAESP	0.34783
4	11	N	I	GKDGNAST	GKDGNTSA	0.25
39	44	N	I	AVKEVA	AVKEVE	0.16667
55	60	N	I	-KAIGK	-KAIGK	0.0
71	85	N	I	VQNFNASLLAGAHTI	EADHNGSLISGAYLI	0.6
89	89	N	I	V	I	1.0
112	116	N	I	AKKCS	AKKCS	0.0
134	148	N	I	GGATTDEEAKKAILR	G--VTDDNAKKAILK	0.4
155	157	N	I	DKG	TKG	0.33333
173	195	N	I	KAAQDALANSVNELTGPVVAETP	KAAKEMLTNSVKELTSPVVAESP	0.30435
4	11	N	A	GKDGNAST	GKDGNTSA	0.25
39	44	N	A	AVKEVA	AVKEVE	0.16667
55	60	N	A	-KAIGK	AKAIGK	0.16667
71	85	N	A	VQNFNASLLAGAHTI	ENNHNGSLLAGAYAI	0.4
89	89	N	A	V	I	1.0
112	116	N	A	AKKCS	AKKCS	0.0
134	148	N	A	GGATTDEEAKKAILR	G--VTDADAKEAILK	0.46667
155	157	N	A	DKG	TKG	0.33333
173	195	N	A	KAAQDALANSVNELTGPVVAETP	KAAKEMLANSVKELTSPVVAESP	0.26087
4	11	N	K	GKDGNAST	GKDGNTSA	0.25
39	44	N	K	AVKEVA	AVKEIE	0.33333
55	60	N	K	-KAIGK	TKAIGK	0.16667
71	85	N	K	VQNFNASLLAGAHTI	EAGHNGTLLAGAYTI	0.46667
89	89	N	K	V	I	1.0
112	116	N	K	AKKCS	AKKCS	0.0
134	148	N	K	GGATTDEEAKKAILR	N--VTDENAKKAILI	0.4
155	157	N	K	DKG	DKG	0.0
173	195	N	K	KAAQDALANSVNELTGPVVAETP	KAAKEMLANSVKELTSPIVAESP	0.30435
4	11	N	C	GKDGNAST	GKDGNASA	0.125
39	44	N	C	AVKEVA	AVKEVE	0.16667
55	60	N	C	-KAIGK	-KAIGK	0.0
71	85	N	C	VQNFNASLLAGAHTI	EADNNGSLIAGAYTI	0.4
89	89	N	C	V	I	1.0
112	116	N	C	AKKCS	AKKCS	0.0
134	148	N	C	GGATTDEEAKKAILR	D--ATDVHAKEAILK	0.46667
155	157	N	C	DKG	DKG	0.0
173	195	N	C	KAAQDALANSVNELTGPVVAETP	KAAKEMLSNSVKELTSPVVAESP	0.30435
4	11	N	M	GKDGNAST	GKDGNTSA	0.25
39	44	N	M	AVKEVA	AVKEVE	0.16667
55	60	N	M	-KAIGK	KKAIGN	0.33333
71	85	N	M	VQNFNASLLAGAHTI	GANQNGSLLAGAYVI	0.4
89	89	N	M	V	I	1.0
112	116	N	M	AKKCS	AKKCN	0.2
134	148	N	M	GGATTDEEAKKAILR	NGAATDANAKAAILK	0.4
155	157	N	M	DKG	DKG	0.0
173	195	N	M	KAAQDALANSVNELTGPVVAETP	KAAQETLNNSVKELTSPVVAENP	0.26087
4	11	N	T	GKDGNAST	GKDGNASV	0.125
39	44	N	T	AVKEVA	AVKEVE	0.16667
55	60	N	T	-KAIGK	NKAIGQ	0.33333
71	85	N	T	VQNFNASLLAGAHTI	DAGHNGPLLAGAYAI	0.53333
89	89	N	T	V	I	1.0
112	116	N	T	AKKCS	AKKCS	0.0
134	148	N	T	GGATTDEEAKKAILR	GGNATDENAKQAILK	0.26667
155	157	N	T	DKG	TKG	0.33333
173	195	N	T	KAAQDALANSVNELTGPVVAETP	KAAQAMLTNSVKELTSPVVAETP	0.17391
4	11	N	F	GKDGNAST	GKDGNTSA	0.25
39	44	N	F	AVKEVA	AVKEIE	0.33333
55	60	N	F	-KAIGK	TKAIGQ	0.33333
71	85	N	F	VQNFNASLLAGAHTI	QANQNGSLLAGAYAI	0.4
89	89	N	F	V	I	1.0
112	116	N	F	AKKCS	VKKCS	0.2
134	148	N	F	GGATTDEEAKKAILR	A--ATDDNAKAAILK	0.46667
155	157	N	F	DKG	DKG	0.0
173	195	N	F	KAAQDALANSVNELTGPVVAETP	KAAQVMLTNSVKELTSPVVAESP	0.26087
4	11	E	G	GKDGNASA	GKDGNAST	0.125
39	44	E	G	AVKEVE	AVKEVA	0.16667
55	60	E	G	TKAIGK	-KAIGK	0.16667
71	85	E	G	NQSKNTSLLSGAYAI	DANHNTSLLAGAHEI	0.4
89	89	E	G	I	I	0.0
112	116	E	G	AKQCS	AKKCS	0.2
134	148	E	G	N--LTDDNAQRAILK	AGNATDDNAKRAILK	0.26667
155	157	E	G	DKG	DKG	0.0
173	195	E	G	KAAQDTLKNAVKELTSPIVAESP	KAAQAALANSVQELTSPVVAETP	0.30435
4	11	E	B	GKDGNASA	GKDGNTSA	0.125
39	44	E	B	AVKEVE	AVKEVE	0.0
55	60	E	B	TKAIGK	-KAIGK	0.16667
71	85	E	B	NQSKNTSLLSGAYAI	EANRNESLLAGAYTI	0.4
89	89	E	B	I	I	0.0
112	116	E	B	AKQCS	AKKCS	0.2
134	148	E	B	N--LTDDNAQRAILK	G--VTDENAKKAILK	0.33333
155	157	E	B	DKG	DKG	0.0
173	195	E	B	KAAQDTLKNAVKELTSPIVAESP	KAAKEMLANSVKELTSPVVVESP	0.30435
4	11	E	U	GKDGNASA	GKDGNASA	0.0
39	44	E	U	AVKEVE	AVKEVE	0.0
55	60	E	U	TKAIGK	SKAIGK	0.16667
71	85	E	U	NQSKNTSLLSGAYAI	LQGQNGSLLAGAYAI	0.4
89	89	E	U	I	I	0.0
112	116	E	U	AKQCS	AKGCS	0.2
134	148	E	U	N--LTDDNAQRAILK	A--ATDANAKDAILK	0.33333
155	157	E	U	DKG	TKG	0.33333
173	195	E	U	KAAQDTLKNAVKELTSPIVAESP	KAAKEMLANSVKELTSPVVAESP	0.26087
4	11	E	O	GKDGNASA	GKDGNTSA	0.125
39	44	E	O	AVKEVE	AVKEVE	0.0
55	60	E	O	TKAIGK	-KAIGK	0.16667
71	85	E	O	NQSKNTSLLSGAYAI	QANHNVSLLAGAYEI	0.4
89	89	E	O	I	I	0.0
112	116	E	O	AKQCS	AKKCS	0.2
134	148	E	O	N--LTDDNAQRAILK	N--ANDANAKAAILK	0.33333
155	157	E	O	DKG	DKG	0.0
173	195	E	O	KAAQDTLKNAVKELTSPIVAESP	KVAQEMLNNSVKELTSPVVAENP	0.30435
4	11	E	D	GKDGNASA	GKDGNTSA	0.125
39	44	E	D	AVKEVE	AVKEVE	0.0
55	60	E	D	TKAIGK	KKAIGK	0.16667
71	85	E	D	NQSKNTSLLSGAYAI	LDNHNGSLLAGAYAI	0.33333
89	89	E	D	I	I	0.0
112	116	E	D	AKQCS	AKKCS	0.2
134	148	E	D	N--LTDDNAQRAILK	N--ATDDNAKKAILK	0.2
155	157	E	D	DKG	DKG	0.0
173	195	E	D	KAAQDTLKNAVKELTSPIVAESP	KAAQAILANSVKELTSPVVAESP	0.21739
4	11	E	H	GKDGNASA	GKDGNASA	0.0
39	44	E	H	AVKEVE	AVKEVE	0.0
55	60	E	H	TKAIGK	-KAIGK	0.16667
71	85	E	H	NQSKNTSLLSGAYAI	DGGQNGSLLAGAYAI	0.4
89	89	E	H	I	I	0.0
112	116	E	H	AKQCS	AKDCS	0.2
134	148	E	H	N--LTDDNAQRAILK	D--ATDDDAKKAILK	0.33333
155	157	E	H	DKG	DKG	0.0
173	195	E	H	KAAQDTLKNAVKELTSPIVAESP	KAAKEMLTNSVKELTSPVVAESP	0.26087
4	11	E	J	GKDGNASA	GKDGNTSA	0.125
39	44	E	J	AVKEVE	AVKEIE	0.16667
55	60	E	J	TKAIGK	TKAIGK	0.0
71	85	E	J	NQSKNTSLLSGAYAI	EVGQNGSLLAGAYAI	0.4
89	89	E	J	I	I	0.0
112	116	E	J	AKQCS	AKDCS	0.2
134	148	E	J	N--LTDDNAQRAILK	D--ASDDDAKKAILK	0.4
155	157	E	J	DKG	DKG	0.0
173	195	E	J	KAAQDTLKNAVKELTSPIVAESP	KAAKEMLNKSVKELTSPIVAESP	0.21739
4	11	E	I	GKDGNASA	GKDGNTSA	0.125
39	44	E	I	AVKEVE	AVKEVE	0.0
55	60	E	I	TKAIGK	-KAIGK	0.16667
71	85	E	I	NQSKNTSLLSGAYAI	EADHNGSLISGAYLI	0.46667
89	89	E	I	I	I	0.0
112	116	E	I	AKQCS	AKKCS	0.2
134	148	E	I	N--LTDDNAQRAILK	G--VTDDNAKKAILK	0.26667
155	157	E	I	DKG	TKG	0.33333
173	195	E	I	KAAQDTLKNAVKELTSPIVAESP	KAAKEMLTNSVKELTSPVVAESP	0.26087
4	11	E	A	GKDGNASA	GKDGNTSA	0.125
39	44	E	A	AVKEVE	AVKEVE	0.0
55	60	E	A	TKAIGK	AKAIGK	0.16667
71	85	E	A	NQSKNTSLLSGAYAI	ENNHNGSLLAGAYAI	0.33333
89	89	E	A	I	I	0.0
112	116	E	A	AKQCS	AKKCS	0.2
134	148	E	A	N--LTDDNAQRAILK	G--VTDADAKEAILK	0.33333
155	157	E	A	DKG	TKG	0.33333
173	195	E	A	KAAQDTLKNAVKELTSPIVAESP	KAAKEMLANSVKELTSPVVAESP	0.26087
4	11	E	K	GKDGNASA	GKDGNTSA	0.125
39	44	E	K	AVKEVE	AVKEIE	0.16667
55	60	E	K	TKAIGK	TKAIGK	0.0
71	85	E	K	NQSKNTSLLSGAYAI	EAGHNGTLLAGAYTI	0.46667
89	89	E	K	I	I	0.0
112	116	E	K	AKQCS	AKKCS	0.2
134	148	E	K	N--LTDDNAQRAILK	N--VTDENAKKAILI	0.33333
155	157	E	K	DKG	DKG	0.0
173	195	E	K	KAAQDTLKNAVKELTSPIVAESP	KAAKEMLANSVKELTSPIVAESP	0.21739
4	11	E	C	GKDGNASA	GKDGNASA	0.0
39	44	E	C	AVKEVE	AVKEVE	0.0
55	60	E	C	TKAIGK	-KAIGK	0.16667
71	85	E	C	NQSKNTSLLSGAYAI	EADNNGSLIAGAYTI	0.46667
89	89	E	C	I	I	0.0
112	116	E	C	AKQCS	AKKCS	0.2
134	148	E	C	N--LTDDNAQRAILK	D--ATDVHAKEAILK	0.4
155	157	E	C	DKG	DKG	0.0
173	195	E	C	KAAQDTLKNAVKELTSPIVAESP	KAAKEMLSNSVKELTSPVVAESP	0.26087
4	11	E	M	GKDGNASA	GKDGNTSA	0.125
39	44	E	M	AVKEVE	AVKEVE	0.0
55	60	E	M	TKAIGK	KKAIGN	0.33333
71	85	E	M	NQSKNTSLLSGAYAI	GANQNGSLLAGAYVI	0.33333
89	89	E	M	I	I	0.0
112	116	E	M	AKQCS	AKKCN	0.4
134	148	E	M	N--LTDDNAQRAILK	NGAATDANAKAAILK	0.4
155	157	E	M	DKG	DKG	0.0
173	195	E	M	KAAQDTLKNAVKELTSPIVAESP	KAAQETLNNSVKELTSPVVAENP	0.21739
4	11	E	T	GKDGNASA	GKDGNASV	0.125
39	44	E	T	AVKEVE	AVKEVE	0.0
55	60	E	T	TKAIGK	NKAIGQ	0.33333
71	85	E	T	NQSKNTSLLSGAYAI	DAGHNGPLLAGAYAI	0.46667
89	89	E	T	I	I	0.0
112	116	E	T	AKQCS	AKKCS	0.2
134	148	E	T	N--LTDDNAQRAILK	GGNATDENAKQAILK	0.33333
155	157	E	T	DKG	TKG	0.33333
173	195	E	T	KAAQDTLKNAVKELTSPIVAESP	KAAQAMLTNSVKELTSPVVAETP	0.26087
4	11	E	F	GKDGNASA	GKDGNTSA	0.125
39	44	E	F	AVKEVE	AVKEIE	0.16667
55	60	E	F	TKAIGK	TKAIGQ	0.16667
71	85	E	F	NQSKNTSLLSGAYAI	QANQNGSLLAGAYAI	0.26667
89	89	E	F	I	I	0.0
112	116	E	F	AKQCS	VKKCS	0.4
134	148	E	F	N--LTDDNAQRAILK	A--ATDDNAKAAILK	0.26667
155	157	E	F	DKG	DKG	0.0
173	195	E	F	KAAQDTLKNAVKELTSPIVAESP	KAAQVMLTNSVKELTSPVVAESP	0.21739
4	11	G	B	GKDGNAST	GKDGNTSA	0.25
39	44	G	B	AVKEVA	AVKEVE	0.16667
55	60	G	B	-KAIGK	-KAIGK	0.0
71	85	G	B	DANHNTSLLAGAHEI	EANRNESLLAGAYTI	0.33333
89	89	G	B	I	I	0.0
112	116	G	B	AKKCS	AKKCS	0.0
134	148	G	B	AGNATDDNAKRAILK	G--VTDENAKKAILK	0.33333
155	157	G	B	DKG	DKG	0.0
173	195	G	B	KAAQAALANSVQELTSPVVAETP	KAAKEMLANSVKELTSPVVVESP	0.26087
4	11	G	U	GKDGNAST	GKDGNASA	0.125
39	44	G	U	AVKEVA	AVKEVE	0.16667
55	60	G	U	-KAIGK	SKAIGK	0.16667
71	85	G	U	DANHNTSLLAGAHEI	LQGQNGSLLAGAYAI	0.46667
89	89	G	U	I	I	0.0
112	116	G	U	AKKCS	AKGCS	0.2
134	148	G	U	AGNATDDNAKRAILK	A--ATDANAKDAILK	0.26667
155	157	G	U	DKG	TKG	0.33333
173	195	G	U	KAAQAALANSVQELTSPVVAETP	KAAKEMLANSVKELTSPVVAESP	0.21739
4	11	G	O	GKDGNAST	GKDGNTSA	0.25
39	44	G	O	AVKEVA	AVKEVE	0.16667
55	60	G	O	-KAIGK	-KAIGK	0.0
71	85	G	O	DANHNTSLLAGAHEI	QANHNVSLLAGAYEI	0.2
89	89	G	O	I	I	0.0
112	116	G	O	AKKCS	AKKCS	0.0
134	148	G	O	AGNATDDNAKRAILK	N--ANDANAKAAILK	0.33333
155	157	G	O	DKG	DKG	0.0
173	195	G	O	KAAQAALANSVQELTSPVVAETP	KVAQEMLNNSVKELTSPVVAENP	0.26087
4	11	G	D	GKDGNAST	GKDGNTSA	0.25
39	44	G	D	AVKEVA	AVKEVE	0.16667
55	60	G	D	-KAIGK	KKAIGK	0.16667
71	85	G	D	DANHNTSLLAGAHEI	LDNHNGSLLAGAYAI	0.26667
89	89	G	D	I	I	0.0
112	116	G	D	AKKCS	AKKCS	0.0
134	148	G	D	AGNATDDNAKRAILK	N--ATDDNAKKAILK	0.2
155	157	G	D	DKG	DKG	0.0
173	195	G	D	KAAQAALANSVQELTSPVVAETP	KAAQAILANSVKELTSPVVAESP	0.13043
4	11	G	H	GKDGNAST	GKDGNASA	0.125
39	44	G	H	AVKEVA	AVKEVE	0.16667
55	60	G	H	-KAIGK	-KAIGK	0.0
71	85	G	H	DANHNTSLLAGAHEI	DGGQNGSLLAGAYAI	0.4
89	89	G	H	I	I	0.0
112	116	G	H	AKKCS	AKDCS	0.2
134	148	G	H	AGNATDDNAKRAILK	D--ATDDDAKKAILK	0.33333
155	157	G	H	DKG	DKG	0.0
173	195	G	H	KAAQAALANSVQELTSPVVAETP	KAAKEMLTNSVKELTSPVVAESP	0.26087
4	11	G	J	GKDGNAST	GKDGNTSA	0.25
39	44	G	J	AVKEVA	AVKEIE	0.33333
55	60	G	J	-KAIGK	TKAIGK	0.16667
71	85	G	J	DANHNTSLLAGAHEI	EVGQNGSLLAGAYAI	0.46667
89	89	G	J	I	I	0.0
112	116	G	J	AKKCS	AKDCS	0.2
134	148	G	J	AGNATDDNAKRAILK	D--ASDDDAKKAILK	0.4
155	157	G	J	DKG	DKG	0.0
173	195	G	J	KAAQAALANSVQELTSPVVAETP	KAAKEMLNKSVKELTSPIVAESP	0.30435
4	11	G	I	GKDGNAST	GKDGNTSA	0.25
39	44	G	I	AVKEVA	AVKEVE	0.16667
55	60	G	I	-KAIGK	-KAIGK	0.0
71	85	G	I	DANHNTSLLAGAHEI	EADHNGSLISGAYLI	0.46667
89	89	G	I	I	I	0.0
112	116	G	I	AKKCS	AKKCS	0.0
134	148	G	I	AGNATDDNAKRAILK	G--VTDDNAKKAILK	0.26667
155	157	G	I	DKG	TKG	0.33333
173	195	G	I	KAAQAALANSVQELTSPVVAETP	KAAKEMLTNSVKELTSPVVAESP	0.26087
4	11	G	A	GKDGNAST	GKDGNTSA	0.25
39	44	G	A	AVKEVA	AVKEVE	0.16667
55	60	G	A	-KAIGK	AKAIGK	0.16667
71	85	G	A	DANHNTSLLAGAHEI	ENNHNGSLLAGAYAI	0.33333
89	89	G	A	I	I	0.0
112	116	G	A	AKKCS	AKKCS	0.0
134	148	G	A	AGNATDDNAKRAILK	G--VTDADAKEAILK	0.33333
155	157	G	A	DKG	TKG	0.33333
173	195	G	A	KAAQAALANSVQELTSPVVAETP	KAAKEMLANSVKELTSPVVAESP	0.21739
4	11	G	K	GKDGNAST	GKDGNTSA	0.25
39	44	G	K	AVKEVA	AVKEIE	0.33333
55	60	G	K	-KAIGK	TKAIGK	0.16667
71	85	G	K	DANHNTSLLAGAHEI	EAGHNGTLLAGAYTI	0.33333
89	89	G	K	I	I	0.0
112	116	G	K	AKKCS	AKKCS	0.0
134	148	G	K	AGNATDDNAKRAILK	N--VTDENAKKAILI	0.4
155	157	G	K	DKG	DKG	0.0
173	195	G	K	KAAQAALANSVQELTSPVVAETP	KAAKEMLANSVKELTSPIVAESP	0.26087
4	11	G	C	GKDGNAST	GKDGNASA	0.125
39	44	G	C	AVKEVA	AVKEVE	0.16667
55	60	G	C	-KAIGK	-KAIGK	0.0
71	85	G	C	DANHNTSLLAGAHEI	EADNNGSLIAGAYTI	0.4
89	89	G	C	I	I	0.0
112	116	G	C	AKKCS	AKKCS	0.0
134	148	G	C	AGNATDDNAKRAILK	D--ATDVHAKEAILK	0.4
155	157	G	C	DKG	DKG	0.0
173	195	G	C	KAAQAALANSVQELTSPVVAETP	KAAKEMLSNSVKELTSPVVAESP	0.26087
4	11	G	M	GKDGNAST	GKDGNTSA	0.25
39	44	G	M	AVKEVA	AVKEVE	0.16667
55	60	G	M	-KAIGK	KKAIGN	0.33333
71	85	G	M	DANHNTSLLAGAHEI	GANQNGSLLAGAYVI	0.33333
89	89	G	M	I	I	0.0
112	116	G	M	AKKCS	AKKCN	0.2
134	148	G	M	AGNATDDNAKRAILK	NGAATDANAKAAILK	0.26667
155	157	G	M	DKG	DKG	0.0
173	195	G	M	KAAQAALANSVQELTSPVVAETP	KAAQETLNNSVKELTSPVVAENP	0.21739
4	11	G	T	GKDGNAST	GKDGNASV	0.125
39	44	G	T	AVKEVA	AVKEVE	0.16667
55	60	G	T	-KAIGK	NKAIGQ	0.33333
71	85	G	T	DANHNTSLLAGAHEI	DAGHNGPLLAGAYAI	0.33333
89	89	G	T	I	I	0.0
112	116	G	T	AKKCS	AKKCS	0.0
134	148	G	T	AGNATDDNAKRAILK	GGNATDENAKQAILK	0.2
155	157	G	T	DKG	TKG	0.33333
173	195	G	T	KAAQAALANSVQELTSPVVAETP	KAAQAMLTNSVKELTSPVVAETP	0.13043
4	11	G	F	GKDGNAST	GKDGNTSA	0.25
39	44	G	F	AVKEVA	AVKEIE	0.33333
55	60	G	F	-KAIGK	TKAIGQ	0.33333
71	85	G	F	DANHNTSLLAGAHEI	QANQNGSLLAGAYAI	0.33333
89	89	G	F	I	I	0.0
112	116	G	F	AKKCS	VKKCS	0.2
134	148	G	F	AGNATDDNAKRAILK	A--ATDDNAKAAILK	0.2
155	157	G	F	DKG	DKG	0.0
173	195	G	F	KAAQAALANSVQELTSPVVAETP	KAAQVMLTNSVKELTSPVVAESP	0.21739
4	11	B	U	GKDGNTSA	GKDGNASA	0.125
39	44	B	U	AVKEVE	AVKEVE	0.0
55	60	B	U	-KAIGK	SKAIGK	0.16667
71	85	B	U	EANRNESLLAGAYTI	LQGQNGSLLAGAYAI	0.4
89	89	B	U	I	I	0.0
112	116	B	U	AKKCS	AKGCS	0.2
134	148	B	U	G--VTDENAKKAILK	A--ATDANAKDAILK	0.26667
155	157	B	U	DKG	TKG	0.33333
173	195	B	U	KAAKEMLANSVKELTSPVVVESP	KAAKEMLANSVKELTSPVVAESP	0.04348
4	11	B	O	GKDGNTSA	GKDGNTSA	0.0
39	44	B	O	AVKEVE	AVKEVE	0.0
55	60	B	O	-KAIGK	-KAIGK	0.0
71	85	B	O	EANRNESLLAGAYTI	QANHNVSLLAGAYEI	0.26667
89	89	B	O	I	I	0.0
112	116	B	O	AKKCS	AKKCS	0.0
134	148	B	O	G--VTDENAKKAILK	N--ANDANAKAAILK	0.33333
155	157	B	O	DKG	DKG	0.0
173	195	B	O	KAAKEMLANSVKELTSPVVVESP	KVAQEMLNNSVKELTSPVVAENP	0.21739
4	11	B	D	GKDGNTSA	GKDGNTSA	0.0
39	44	B	D	AVKEVE	AVKEVE	0.0
55	60	B	D	-KAIGK	KKAIGK	0.16667
71	85	B	D	EANRNESLLAGAYTI	LDNHNGSLLAGAYAI	0.33333
89	89	B	D	I	I	0.0
112	116	B	D	AKKCS	AKKCS	0.0
134	148	B	D	G--VTDENAKKAILK	N--ATDDNAKKAILK	0.2
155	157	B	D	DKG	DKG	0.0
173	195	B	D	KAAKEMLANSVKELTSPVVVESP	KAAQAILANSVKELTSPVVAESP	0.17391
4	11	B	H	GKDGNTSA	GKDGNASA	0.125
39	44	B	H	AVKEVE	AVKEVE	0.0
55	60	B	H	-KAIGK	-KAIGK	0.0
71	85	B	H	EANRNESLLAGAYTI	DGGQNGSLLAGAYAI	0.4
89	89	B	H	I	I	0.0
112	116	B	H	AKKCS	AKDCS	0.2
134	148	B	H	G--VTDENAKKAILK	D--ATDDDAKKAILK	0.26667
155	157	B	H	DKG	DKG	0.0
173	195	B	H	KAAKEMLANSVKELTSPVVVESP	KAAKEMLTNSVKELTSPVVAESP	0.08696
4	11	B	J	GKDGNTSA	GKDGNTSA	0.0
39	44	B	J	AVKEVE	AVKEIE	0.16667
55	60	B	J	-KAIGK	TKAIGK	0.16667
71	85	B	J	EANRNESLLAGAYTI	EVGQNGSLLAGAYAI	0.33333
89	89	B	J	I	I	0.0
112	116	B	J	AKKCS	AKDCS	0.2
134	148	B	J	G--VTDENAKKAILK	D--ASDDDAKKAILK	0.33333
155	157	B	J	DKG	DKG	0.0
173	195	B	J	KAAKEMLANSVKELTSPVVVESP	KAAKEMLNKSVKELTSPIVAESP	0.13043
4	11	B	I	GKDGNTSA	GKDGNTSA	0.0
39	44	B	I	AVKEVE	AVKEVE	0.0
55	60	B	I	-KAIGK	-KAIGK	0.0
71	85	B	I	EANRNESLLAGAYTI	EADHNGSLISGAYLI	0.4
89	89	B	I	I	I	0.0
112	116	B	I	AKKCS	AKKCS	0.0
134	148	B	I	G--VTDENAKKAILK	G--VTDDNAKKAILK	0.06667
155	157	B	I	DKG	TKG	0.33333
173	195	B	I	KAAKEMLANSVKELTSPVVVESP	KAAKEMLTNSVKELTSPVVAESP	0.08696
4	11	B	A	GKDGNTSA	GKDGNTSA	0.0
39	44	B	A	AVKEVE	AVKEVE	0.0
55	60	B	A	-KAIGK	AKAIGK	0.16667
71	85	B	A	EANRNESLLAGAYTI	ENNHNGSLLAGAYAI	0.26667
89	89	B	A	I	I	0.0
112	116	B	A	AKKCS	AKKCS	0.0
134	148	B	A	G--VTDENAKKAILK	G--VTDADAKEAILK	0.2
155	157	B	A	DKG	TKG	0.33333
173	195	B	A	KAAKEMLANSVKELTSPVVVESP	KAAKEMLANSVKELTSPVVAESP	0.04348
4	11	B	K	GKDGNTSA	GKDGNTSA	0.0
39	44	B	K	AVKEVE	AVKEIE	0.16667
55	60	B	K	-KAIGK	TKAIGK	0.16667
71	85	B	K	EANRNESLLAGAYTI	EAGHNGTLLAGAYTI	0.26667
89	89	B	K	I	I	0.0
112	116	B	K	AKKCS	AKKCS	0.0
134	148	B	K	G--VTDENAKKAILK	N--VTDENAKKAILI	0.13333
155	157	B	K	DKG	DKG	0.0
173	195	B	K	KAAKEMLANSVKELTSPVVVESP	KAAKEMLANSVKELTSPIVAESP	0.08696
4	11	B	C	GKDGNTSA	GKDGNASA	0.125
39	44	B	C	AVKEVE	AVKEVE	0.0
55	60	B	C	-KAIGK	-KAIGK	0.0
71	85	B	C	EANRNESLLAGAYTI	EADNNGSLIAGAYTI	0.2
89	89	B	C	I	I	0.0
112	116	B	C	AKKCS	AKKCS	0.0
134	148	B	C	G--VTDENAKKAILK	D--ATDVHAKEAILK	0.33333
155	157	B	C	DKG	DKG	0.0
173	195	B	C	KAAKEMLANSVKELTSPVVVESP	KAAKEMLSNSVKELTSPVVAESP	0.08696
4	11	B	M	GKDGNTSA	GKDGNTSA	0.0
39	44	B	M	AVKEVE	AVKEVE	0.0
55	60	B	M	-KAIGK	KKAIGN	0.33333
71	85	B	M	EANRNESLLAGAYTI	GANQNGSLLAGAYVI	0.26667
89	89	B	M	I	I	0.0
112	116	B	M	AKKCS	AKKCN	0.2
134	148	B	M	G--VTDENAKKAILK	NGAATDANAKAAILK	0.33333
155	157	B	M	DKG	DKG	0.0
173	195	B	M	KAAKEMLANSVKELTSPVVVESP	KAAQETLNNSVKELTSPVVAENP	0.21739
4	11	B	T	GKDGNTSA	GKDGNASV	0.25
39	44	B	T	AVKEVE	AVKEVE	0.0
55	60	B	T	-KAIGK	NKAIGQ	0.33333
71	85	B	T	EANRNESLLAGAYTI	DAGHNGPLLAGAYAI	0.4
89	89	B	T	I	I	0.0
112	116	B	T	AKKCS	AKKCS	0.0
134	148	B	T	G--VTDENAKKAILK	GGNATDENAKQAILK	0.26667
155	157	B	T	DKG	TKG	0.33333
173	195	B	T	KAAKEMLANSVKELTSPVVVESP	KAAQAMLTNSVKELTSPVVAETP	0.21739
4	11	B	F	GKDGNTSA	GKDGNTSA	0.0
39	44	B	F	AVKEVE	AVKEIE	0.16667
55	60	B	F	-KAIGK	TKAIGQ	0.33333
71	85	B	F	EANRNESLLAGAYTI	QANQNGSLLAGAYAI	0.26667
89	89	B	F	I	I	0.0
112	116	B	F	AKKCS	VKKCS	0.2
134	148	B	F	G--VTDENAKKAILK	A--ATDDNAKAAILK	0.26667
155	157	B	F	DKG	DKG	0.0
173	195	B	F	KAAKEMLANSVKELTSPVVVESP	KAAQVMLTNSVKELTSPVVAESP	0.17391
4	11	U	O	GKDGNASA	GKDGNTSA	0.125
39	44	U	O	AVKEVE	AVKEVE	0.0
55	60	U	O	SKAIGK	-KAIGK	0.16667
71	85	U	O	LQGQNGSLLAGAYAI	QANHNVSLLAGAYEI	0.33333
89	89	U	O	I	I	0.0
112	116	U	O	AKGCS	AKKCS	0.2
134	148	U	O	A--ATDANAKDAILK	N--ANDANAKAAILK	0.2
155	157	U	O	TKG	DKG	0.33333
173	195	U	O	KAAKEMLANSVKELTSPVVAESP	KVAQEMLNNSVKELTSPVVAENP	0.17391
4	11	U	D	GKDGNASA	GKDGNTSA	0.125
39	44	U	D	AVKEVE	AVKEVE	0.0
55	60	U	D	SKAIGK	KKAIGK	0.16667
71	85	U	D	LQGQNGSLLAGAYAI	LDNHNGSLLAGAYAI	0.2
89	89	U	D	I	I	0.0
112	116	U	D	AKGCS	AKKCS	0.2
134	148	U	D	A--ATDANAKDAILK	N--ATDDNAKKAILK	0.2
155	157	U	D	TKG	DKG	0.33333
173	195	U	D	KAAKEMLANSVKELTSPVVAESP	KAAQAILANSVKELTSPVVAESP	0.13043
4	11	U	H	GKDGNASA	GKDGNASA	0.0
39	44	U	H	AVKEVE	AVKEVE	0.0
55	60	U	H	SKAIGK	-KAIGK	0.16667
71	85	U	H	LQGQNGSLLAGAYAI	DGGQNGSLLAGAYAI	0.13333
89	89	U	H	I	I	0.0
112	116	U	H	AKGCS	AKDCS	0.2
134	148	U	H	A--ATDANAKDAILK	D--ATDDDAKKAILK	0.26667
155	157	U	H	TKG	DKG	0.33333
173	195	U	H	KAAKEMLANSVKELTSPVVAESP	KAAKEMLTNSVKELTSPVVAESP	0.04348
4	11	U	J	GKDGNASA	GKDGNTSA	0.125
39	44	U	J	AVKEVE	AVKEIE	0.16667
55	60	U	J	SKAIGK	TKAIGK	0.16667
71	85	U	J	LQGQNGSLLAGAYAI	EVGQNGSLLAGAYAI	0.13333
89	89	U	J	I	I	0.0
112	116	U	J	AKGCS	AKDCS	0.2
134	148	U	J	A--ATDANAKDAILK	D--ASDDDAKKAILK	0.33333
155	157	U	J	TKG	DKG	0.33333
173	195	U	J	KAAKEMLANSVKELTSPVVAESP	KAAKEMLNKSVKELTSPIVAESP	0.08696
4	11	U	I	GKDGNASA	GKDGNTSA	0.125
39	44	U	I	AVKEVE	AVKEVE	0.0
55	60	U	I	SKAIGK	-KAIGK	0.16667
71	85	U	I	LQGQNGSLLAGAYAI	EADHNGSLISGAYLI	0.46667
89	89	U	I	I	I	0.0
112	116	U	I	AKGCS	AKKCS	0.2
134	148	U	I	A--ATDANAKDAILK	G--VTDDNAKKAILK	0.26667
155	157	U	I	TKG	TKG	0.0
173	195	U	I	KAAKEMLANSVKELTSPVVAESP	KAAKEMLTNSVKELTSPVVAESP	0.04348
4	11	U	A	GKDGNASA	GKDGNTSA	0.125
39	44	U	A	AVKEVE	AVKEVE	0.0
55	60	U	A	SKAIGK	AKAIGK	0.16667
71	85	U	A	LQGQNGSLLAGAYAI	ENNHNGSLLAGAYAI	0.26667
89	89	U	A	I	I	0.0
112	116	U	A	AKGCS	AKKCS	0.2
134	148	U	A	A--ATDANAKDAILK	G--VTDADAKEAILK	0.26667
155	157	U	A	TKG	TKG	0.0
173	195	U	A	KAAKEMLANSVKELTSPVVAESP	KAAKEMLANSVKELTSPVVAESP	0.0
4	11	U	K	GKDGNASA	GKDGNTSA	0.125
39	44	U	K	AVKEVE	AVKEIE	0.16667
55	60	U	K	SKAIGK	TKAIGK	0.16667
71	85	U	K	LQGQNGSLLAGAYAI	EAGHNGTLLAGAYTI	0.33333
89	89	U	K	I	I	0.0
112	116	U	K	AKGCS	AKKCS	0.2
134	148	U	K	A--ATDANAKDAILK	N--VTDENAKKAILI	0.33333
155	157	U	K	TKG	DKG	0.33333
173	195	U	K	KAAKEMLANSVKELTSPVVAESP	KAAKEMLANSVKELTSPIVAESP	0.04348
4	11	U	C	GKDGNASA	GKDGNASA	0.0
39	44	U	C	AVKEVE	AVKEVE	0.0
55	60	U	C	SKAIGK	-KAIGK	0.16667
71	85	U	C	LQGQNGSLLAGAYAI	EADNNGSLIAGAYTI	0.4
89	89	U	C	I	I	0.0
112	116	U	C	AKGCS	AKKCS	0.2
134	148	U	C	A--ATDANAKDAILK	D--ATDVHAKEAILK	0.26667
155	157	U	C	TKG	DKG	0.33333
173	195	U	C	KAAKEMLANSVKELTSPVVAESP	KAAKEMLSNSVKELTSPVVAESP	0.04348
4	11	U	M	GKDGNASA	GKDGNTSA	0.125
39	44	U	M	AVKEVE	AVKEVE	0.0
55	60	U	M	SKAIGK	KKAIGN	0.33333
71	85	U	M	LQGQNGSLLAGAYAI	GANQNGSLLAGAYVI	0.2
89	89	U	M	I	I	0.0
112	116	U	M	AKGCS	AKKCN	0.4
134	148	U	M	A--ATDANAKDAILK	NGAATDANAKAAILK	0.2
155	157	U	M	TKG	DKG	0.33333
173	195	U	M	KAAKEMLANSVKELTSPVVAESP	KAAQETLNNSVKELTSPVVAENP	0.17391
4	11	U	T	GKDGNASA	GKDGNASV	0.125
39	44	U	T	AVKEVE	AVKEVE	0.0
55	60	U	T	SKAIGK	NKAIGQ	0.33333
71	85	U	T	LQGQNGSLLAGAYAI	DAGHNGPLLAGAYAI	0.26667
89	89	U	T	I	I	0.0
112	116	U	T	AKGCS	AKKCS	0.2
134	148	U	T	A--ATDANAKDAILK	GGNATDENAKQAILK	0.33333
155	157	U	T	TKG	TKG	0.0
173	195	U	T	KAAKEMLANSVKELTSPVVAESP	KAAQAMLTNSVKELTSPVVAETP	0.17391
4	11	U	F	GKDGNASA	GKDGNTSA	0.125
39	44	U	F	AVKEVE	AVKEIE	0.16667
55	60	U	F	SKAIGK	TKAIGQ	0.33333
71	85	U	F	LQGQNGSLLAGAYAI	QANQNGSLLAGAYAI	0.13333
89	89	U	F	I	I	0.0
112	116	U	F	AKGCS	VKKCS	0.4
134	148	U	F	A--ATDANAKDAILK	A--ATDDNAKAAILK	0.13333
155	157	U	F	TKG	DKG	0.33333
173	195	U	F	KAAKEMLANSVKELTSPVVAESP	KAAQVMLTNSVKELTSPVVAESP	0.13043
4	11	O	D	GKDGNTSA	GKDGNTSA	0.0
39	44	O	D	AVKEVE	AVKEVE	0.0
55	60	O	D	-KAIGK	KKAIGK	0.16667
71	85	O	D	QANHNVSLLAGAYEI	LDNHNGSLLAGAYAI	0.26667
89	89	O	D	I	I	0.0
112	116	O	D	AKKCS	AKKCS	0.0
134	148	O	D	N--ANDANAKAAILK	N--ATDDNAKKAILK	0.2
155	157	O	D	DKG	DKG	0.0
173	195	O	D	KVAQEMLNNSVKELTSPVVAENP	KAAQAILANSVKELTSPVVAESP	0.21739
4	11	O	H	GKDGNTSA	GKDGNASA	0.125
39	44	O	H	AVKEVE	AVKEVE	0.0
55	60	O	H	-KAIGK	-KAIGK	0.0
71	85	O	H	QANHNVSLLAGAYEI	DGGQNGSLLAGAYAI	0.33333
89	89	O	H	I	I	0.0
112	116	O	H	AKKCS	AKDCS	0.2
134	148	O	H	N--ANDANAKAAILK	D--ATDDDAKKAILK	0.33333
155	157	O	H	DKG	DKG	0.0
173	195	O	H	KVAQEMLNNSVKELTSPVVAENP	KAAKEMLTNSVKELTSPVVAESP	0.17391
4	11	O	J	GKDGNTSA	GKDGNTSA	0.0
39	44	O	J	AVKEVE	AVKEIE	0.16667
55	60	O	J	-KAIGK	TKAIGK	0.16667
71	85	O	J	QANHNVSLLAGAYEI	EVGQNGSLLAGAYAI	0.33333
89	89	O	J	I	I	0.0
112	116	O	J	AKKCS	AKDCS	0.2
134	148	O	J	N--ANDANAKAAILK	D--ASDDDAKKAILK	0.33333
155	157	O	J	DKG	DKG	0.0
173	195	O	J	KVAQEMLNNSVKELTSPVVAENP	KAAKEMLNKSVKELTSPIVAESP	0.21739
4	11	O	I	GKDGNTSA	GKDGNTSA	0.0
39	44	O	I	AVKEVE	AVKEVE	0.0
55	60	O	I	-KAIGK	-KAIGK	0.0
71	85	O	I	QANHNVSLLAGAYEI	EADHNGSLISGAYLI	0.4
89	89	O	I	I	I	0.0
112	116	O	I	AKKCS	AKKCS	0.0
134	148	O	I	N--ANDANAKAAILK	G--VTDDNAKKAILK	0.33333
155	157	O	I	DKG	TKG	0.33333
173	195	O	I	KVAQEMLNNSVKELTSPVVAENP	KAAKEMLTNSVKELTSPVVAESP	0.17391
4	11	O	A	GKDGNTSA	GKDGNTSA	0.0
39	44	O	A	AVKEVE	AVKEVE	0.0
55	60	O	A	-KAIGK	AKAIGK	0.16667
71	85	O	A	QANHNVSLLAGAYEI	ENNHNGSLLAGAYAI	0.26667
89	89	O	A	I	I	0.0
112	116	O	A	AKKCS	AKKCS	0.0
134	148	O	A	N--ANDANAKAAILK	G--VTDADAKEAILK	0.33333
155	157	O	A	DKG	TKG	0.33333
173	195	O	A	KVAQEMLNNSVKELTSPVVAENP	KAAKEMLANSVKELTSPVVAESP	0.17391
4	11	O	K	GKDGNTSA	GKDGNTSA	0.0
39	44	O	K	AVKEVE	AVKEIE	0.16667
55	60	O	K	-KAIGK	TKAIGK	0.16667
71	85	O	K	QANHNVSLLAGAYEI	EAGHNGTLLAGAYTI	0.33333
89	89	O	K	I	I	0.0
112	116	O	K	AKKCS	AKKCS	0.0
134	148	O	K	N--ANDANAKAAILK	N--VTDENAKKAILI	0.33333
155	157	O	K	DKG	DKG	0.0
173	195	O	K	KVAQEMLNNSVKELTSPVVAENP	KAAKEMLANSVKELTSPIVAESP	0.21739
4	11	O	C	GKDGNTSA	GKDGNASA	0.125
39	44	O	C	AVKEVE	AVKEVE	0.0
55	60	O	C	-KAIGK	-KAIGK	0.0
71	85	O	C	QANHNVSLLAGAYEI	EADNNGSLIAGAYTI	0.33333
89	89	O	C	I	I	0.0
112	116	O	C	AKKCS	AKKCS	0.0
134	148	O	C	N--ANDANAKAAILK	D--ATDVHAKEAILK	0.33333
155	157	O	C	DKG	DKG	0.0
173	195	O	C	KVAQEMLNNSVKELTSPVVAENP	KAAKEMLSNSVKELTSPVVAESP	0.17391
4	11	O	M	GKDGNTSA	GKDGNTSA	0.0
39	44	O	M	AVKEVE	AVKEVE	0.0
55	60	O	M	-KAIGK	KKAIGN	0.33333
71	85	O	M	QANHNVSLLAGAYEI	GANQNGSLLAGAYVI	0.26667
89	89	O	M	I	I	0.0
112	116	O	M	AKKCS	AKKCN	0.2
134	148	O	M	N--ANDANAKAAILK	NGAATDANAKAAILK	0.2
155	157	O	M	DKG	DKG	0.0
173	195	O	M	KVAQEMLNNSVKELTSPVVAENP	KAAQETLNNSVKELTSPVVAENP	0.08696
4	11	O	T	GKDGNTSA	GKDGNASV	0.25
39	44	O	T	AVKEVE	AVKEVE	0.0
55	60	O	T	-KAIGK	NKAIGQ	0.33333
71	85	O	T	QANHNVSLLAGAYEI	DAGHNGPLLAGAYAI	0.33333
89	89	O	T	I	I	0.0
112	116	O	T	AKKCS	AKKCS	0.0
134	148	O	T	N--ANDANAKAAILK	GGNATDENAKQAILK	0.33333
155	157	O	T	DKG	TKG	0.33333
173	195	O	T	KVAQEMLNNSVKELTSPVVAENP	KAAQAMLTNSVKELTSPVVAETP	0.17391
4	11	O	F	GKDGNTSA	GKDGNTSA	0.0
39	44	O	F	AVKEVE	AVKEIE	0.16667
55	60	O	F	-KAIGK	TKAIGQ	0.33333
71	85	O	F	QANHNVSLLAGAYEI	QANQNGSLLAGAYAI	0.2
89	89	O	F	I	I	0.0
112	116	O	F	AKKCS	VKKCS	0.2
134	148	O	F	N--ANDANAKAAILK	A--ATDDNAKAAILK	0.2
155	157	O	F	DKG	DKG	0.0
173	195	O	F	KVAQEMLNNSVKELTSPVVAENP	KAAQVMLTNSVKELTSPVVAESP	0.17391
4	11	D	H	GKDGNTSA	GKDGNASA	0.125
39	44	D	H	AVKEVE	AVKEVE	0.0
55	60	D	H	KKAIGK	-KAIGK	0.16667
71	85	D	H	LDNHNGSLLAGAYAI	DGGQNGSLLAGAYAI	0.2
89	89	D	H	I	I	0.0
112	116	D	H	AKKCS	AKDCS	0.2
134	148	D	H	N--ATDDNAKKAILK	D--ATDDDAKKAILK	0.13333
155	157	D	H	DKG	DKG	0.0
173	195	D	H	KAAQAILANSVKELTSPVVAESP	KAAKEMLTNSVKELTSPVVAESP	0.17391
4	11	D	J	GKDGNTSA	GKDGNTSA	0.0
39	44	D	J	AVKEVE	AVKEIE	0.16667
55	60	D	J	KKAIGK	TKAIGK	0.16667
71	85	D	J	LDNHNGSLLAGAYAI	EVGQNGSLLAGAYAI	0.26667
89	89	D	J	I	I	0.0
112	116	D	J	AKKCS	AKDCS	0.2
134	148	D	J	N--ATDDNAKKAILK	D--ASDDDAKKAILK	0.2
155	157	D	J	DKG	DKG	0.0
173	195	D	J	KAAQAILANSVKELTSPVVAESP	KAAKEMLNKSVKELTSPIVAESP	0.21739
4	11	D	I	GKDGNTSA	GKDGNTSA	0.0
39	44	D	I	AVKEVE	AVKEVE	0.0
55	60	D	I	KKAIGK	-KAIGK	0.16667
71	85	D	I	LDNHNGSLLAGAYAI	EADHNGSLISGAYLI	0.33333
89	89	D	I	I	I	0.0
112	116	D	I	AKKCS	AKKCS	0.0
134	148	D	I	N--ATDDNAKKAILK	G--VTDDNAKKAILK	0.13333
155	157	D	I	DKG	TKG	0.33333
173	195	D	I	KAAQAILANSVKELTSPVVAESP	KAAKEMLTNSVKELTSPVVAESP	0.17391
4	11	D	A	GKDGNTSA	GKDGNTSA	0.0
39	44	D	A	AVKEVE	AVKEVE	0.0
55	60	D	A	KKAIGK	AKAIGK	0.16667
71	85	D	A	LDNHNGSLLAGAYAI	ENNHNGSLLAGAYAI	0.13333
89	89	D	A	I	I	0.0
112	116	D	A	AKKCS	AKKCS	0.0
134	148	D	A	N--ATDDNAKKAILK	G--VTDADAKEAILK	0.26667
155	157	D	A	DKG	TKG	0.33333
173	195	D	A	KAAQAILANSVKELTSPVVAESP	KAAKEMLANSVKELTSPVVAESP	0.13043
4	11	D	K	GKDGNTSA	GKDGNTSA	0.0
39	44	D	K	AVKEVE	AVKEIE	0.16667
55	60	D	K	KKAIGK	TKAIGK	0.16667
71	85	D	K	LDNHNGSLLAGAYAI	EAGHNGTLLAGAYTI	0.33333
89	89	D	K	I	I	0.0
112	116	D	K	AKKCS	AKKCS	0.0
134	148	D	K	N--ATDDNAKKAILK	N--VTDENAKKAILI	0.2
155	157	D	K	DKG	DKG	0.0
173	195	D	K	KAAQAILANSVKELTSPVVAESP	KAAKEMLANSVKELTSPIVAESP	0.17391
4	11	D	C	GKDGNTSA	GKDGNASA	0.125
39	44	D	C	AVKEVE	AVKEVE	0.0
55	60	D	C	KKAIGK	-KAIGK	0.16667
71	85	D	C	LDNHNGSLLAGAYAI	EADNNGSLIAGAYTI	0.26667
89	89	D	C	I	I	0.0
112	116	D	C	AKKCS	AKKCS	0.0
134	148	D	C	N--ATDDNAKKAILK	D--ATDVHAKEAILK	0.26667
155	157	D	C	DKG	DKG	0.0
173	195	D	C	KAAQAILANSVKELTSPVVAESP	KAAKEMLSNSVKELTSPVVAESP	0.17391
4	11	D	M	GKDGNTSA	GKDGNTSA	0.0
39	44	D	M	AVKEVE	AVKEVE	0.0
55	60	D	M	KKAIGK	KKAIGN	0.16667
71	85	D	M	LDNHNGSLLAGAYAI	GANQNGSLLAGAYVI	0.26667
89	89	D	M	I	I	0.0
112	116	D	M	AKKCS	AKKCN	0.2
134	148	D	M	N--ATDDNAKKAILK	NGAATDANAKAAILK	0.26667
155	157	D	M	DKG	DKG	0.0
173	195	D	M	KAAQAILANSVKELTSPVVAESP	KAAQETLNNSVKELTSPVVAENP	0.17391
4	11	D	T	GKDGNTSA	GKDGNASV	0.25
39	44	D	T	AVKEVE	AVKEVE	0.0
55	60	D	T	KKAIGK	NKAIGQ	0.33333
71	85	D	T	LDNHNGSLLAGAYAI	DAGHNGPLLAGAYAI	0.2
89	89	D	T	I	I	0.0
112	116	D	T	AKKCS	AKKCS	0.0
134	148	D	T	N--ATDDNAKKAILK	GGNATDENAKQAILK	0.26667
155	157	D	T	DKG	TKG	0.33333
173	195	D	T	KAAQAILANSVKELTSPVVAESP	KAAQAMLTNSVKELTSPVVAETP	0.13043
4	11	D	F	GKDGNTSA	GKDGNTSA	0.0
39	44	D	F	AVKEVE	AVKEIE	0.16667
55	60	D	F	KKAIGK	TKAIGQ	0.33333
71	85	D	F	LDNHNGSLLAGAYAI	QANQNGSLLAGAYAI	0.2
89	89	D	F	I	I	0.0
112	116	D	F	AKKCS	VKKCS	0.2
134	148	D	F	N--ATDDNAKKAILK	A--ATDDNAKAAILK	0.13333
155	157	D	F	DKG	DKG	0.0
173	195	D	F	KAAQAILANSVKELTSPVVAESP	KAAQVMLTNSVKELTSPVVAESP	0.13043
4	11	H	J	GKDGNASA	GKDGNTSA	0.125
39	44	H	J	AVKEVE	AVKEIE	0.16667
55	60	H	J	-KAIGK	TKAIGK	0.16667
71	85	H	J	DGGQNGSLLAGAYAI	EVGQNGSLLAGAYAI	0.13333
89	89	H	J	I	I	0.0
112	116	H	J	AKDCS	AKDCS	0.0
134	148	H	J	D--ATDDDAKKAILK	D--ASDDDAKKAILK	0.06667
155	157	H	J	DKG	DKG	0.0
173	195	H	J	KAAKEMLTNSVKELTSPVVAESP	KAAKEMLNKSVKELTSPIVAESP	0.08696
4	11	H	I	GKDGNASA	GKDGNTSA	0.125
39	44	H	I	AVKEVE	AVKEVE	0.0
55	60	H	I	-KAIGK	-KAIGK	0.0
71	85	H	I	DGGQNGSLLAGAYAI	EADHNGSLISGAYLI	0.4
89	89	H	I	I	I	0.0
112	116	H	I	AKDCS	AKKCS	0.2
134	148	H	I	D--ATDDDAKKAILK	G--VTDDNAKKAILK	0.2
155	157	H	I	DKG	TKG	0.33333
173	195	H	I	KAAKEMLTNSVKELTSPVVAESP	KAAKEMLTNSVKELTSPVVAESP	0.0
4	11	H	A	GKDGNASA	GKDGNTSA	0.125
39	44	H	A	AVKEVE	AVKEVE	0.0
55	60	H	A	-KAIGK	AKAIGK	0.16667
71	85	H	A	DGGQNGSLLAGAYAI	ENNHNGSLLAGAYAI	0.26667
89	89	H	A	I	I	0.0
112	116	H	A	AKDCS	AKKCS	0.2
134	148	H	A	D--ATDDDAKKAILK	G--VTDADAKEAILK	0.26667
155	157	H	A	DKG	TKG	0.33333
173	195	H	A	KAAKEMLTNSVKELTSPVVAESP	KAAKEMLANSVKELTSPVVAESP	0.04348
4	11	H	K	GKDGNASA	GKDGNTSA	0.125
39	44	H	K	AVKEVE	AVKEIE	0.16667
55	60	H	K	-KAIGK	TKAIGK	0.16667
71	85	H	K	DGGQNGSLLAGAYAI	EAGHNGTLLAGAYTI	0.33333
89	89	H	K	I	I	0.0
112	116	H	K	AKDCS	AKKCS	0.2
134	148	H	K	D--ATDDDAKKAILK	N--VTDENAKKAILI	0.33333
155	157	H	K	DKG	DKG	0.0
173	195	H	K	KAAKEMLTNSVKELTSPVVAESP	KAAKEMLANSVKELTSPIVAESP	0.08696
4	11	H	C	GKDGNASA	GKDGNASA	0.0
39	44	H	C	AVKEVE	AVKEVE	0.0
55	60	H	C	-KAIGK	-KAIGK	0.0
71	85	H	C	DGGQNGSLLAGAYAI	EADNNGSLIAGAYTI	0.33333
89	89	H	C	I	I	0.0
112	116	H	C	AKDCS	AKKCS	0.2
134	148	H	C	D--ATDDDAKKAILK	D--ATDVHAKEAILK	0.2
155	157	H	C	DKG	DKG	0.0
173	195	H	C	KAAKEMLTNSVKELTSPVVAESP	KAAKEMLSNSVKELTSPVVAESP	0.04348
4	11	H	M	GKDGNASA	GKDGNTSA	0.125
39	44	H	M	AVKEVE	AVKEVE	0.0
55	60	H	M	-KAIGK	KKAIGN	0.33333
71	85	H	M	DGGQNGSLLAGAYAI	GANQNGSLLAGAYVI	0.2
89	89	H	M	I	I	0.0
112	116	H	M	AKDCS	AKKCN	0.4
134	148	H	M	D--ATDDDAKKAILK	NGAATDANAKAAILK	0.4
155	157	H	M	DKG	DKG	0.0
173	195	H	M	KAAKEMLTNSVKELTSPVVAESP	KAAQETLNNSVKELTSPVVAENP	0.17391
4	11	H	T	GKDGNASA	GKDGNASV	0.125
39	44	H	T	AVKEVE	AVKEVE	0.0
55	60	H	T	-KAIGK	NKAIGQ	0.33333
71	85	H	T	DGGQNGSLLAGAYAI	DAGHNGPLLAGAYAI	0.2
89	89	H	T	I	I	0.0
112	116	H	T	AKDCS	AKKCS	0.2
134	148	H	T	D--ATDDDAKKAILK	GGNATDENAKQAILK	0.4
155	157	H	T	DKG	TKG	0.33333
173	195	H	T	KAAKEMLTNSVKELTSPVVAESP	KAAQAMLTNSVKELTSPVVAETP	0.13043
4	11	H	F	GKDGNASA	GKDGNTSA	0.125
39	44	H	F	AVKEVE	AVKEIE	0.16667
55	60	H	F	-KAIGK	TKAIGQ	0.33333
71	85	H	F	DGGQNGSLLAGAYAI	QANQNGSLLAGAYAI	0.2
89	89	H	F	I	I	0.0
112	116	H	F	AKDCS	VKKCS	0.4
134	148	H	F	D--ATDDDAKKAILK	A--ATDDNAKAAILK	0.2
155	157	H	F	DKG	DKG	0.0
173	195	H	F	KAAKEMLTNSVKELTSPVVAESP	KAAQVMLTNSVKELTSPVVAESP	0.08696
4	11	J	I	GKDGNTSA	GKDGNTSA	0.0
39	44	J	I	AVKEIE	AVKEVE	0.16667
55	60	J	I	TKAIGK	-KAIGK	0.16667
71	85	J	I	EVGQNGSLLAGAYAI	EADHNGSLISGAYLI	0.4
89	89	J	I	I	I	0.0
112	116	J	I	AKDCS	AKKCS	0.2
134	148	J	I	D--ASDDDAKKAILK	G--VTDDNAKKAILK	0.26667
155	157	J	I	DKG	TKG	0.33333
173	195	J	I	KAAKEMLNKSVKELTSPIVAESP	KAAKEMLTNSVKELTSPVVAESP	0.08696
4	11	J	A	GKDGNTSA	GKDGNTSA	0.0
39	44	J	A	AVKEIE	AVKEVE	0.16667
55	60	J	A	TKAIGK	AKAIGK	0.16667
71	85	J	A	EVGQNGSLLAGAYAI	ENNHNGSLLAGAYAI	0.2
89	89	J	A	I	I	0.0
112	116	J	A	AKDCS	AKKCS	0.2
134	148	J	A	D--ASDDDAKKAILK	G--VTDADAKEAILK	0.33333
155	157	J	A	DKG	TKG	0.33333
173	195	J	A	KAAKEMLNKSVKELTSPIVAESP	KAAKEMLANSVKELTSPVVAESP	0.08696
4	11	J	K	GKDGNTSA	GKDGNTSA	0.0
39	44	J	K	AVKEIE	AVKEIE	0.0
55	60	J	K	TKAIGK	TKAIGK	0.0
71	85	J	K	EVGQNGSLLAGAYAI	EAGHNGTLLAGAYTI	0.26667
89	89	J	K	I	I	0.0
112	116	J	K	AKDCS	AKKCS	0.2
134	148	J	K	D--ASDDDAKKAILK	N--VTDENAKKAILI	0.4
155	157	J	K	DKG	DKG	0.0
173	195	J	K	KAAKEMLNKSVKELTSPIVAESP	KAAKEMLANSVKELTSPIVAESP	0.04348
4	11	J	C	GKDGNTSA	GKDGNASA	0.125
39	44	J	C	AVKEIE	AVKEVE	0.16667
55	60	J	C	TKAIGK	-KAIGK	0.16667
71	85	J	C	EVGQNGSLLAGAYAI	EADNNGSLIAGAYTI	0.33333
89	89	J	C	I	I	0.0
112	116	J	C	AKDCS	AKKCS	0.2
134	148	J	C	D--ASDDDAKKAILK	D--ATDVHAKEAILK	0.26667
155	157	J	C	DKG	DKG	0.0
173	195	J	C	KAAKEMLNKSVKELTSPIVAESP	KAAKEMLSNSVKELTSPVVAESP	0.08696
4	11	J	M	GKDGNTSA	GKDGNTSA	0.0
39	44	J	M	AVKEIE	AVKEVE	0.16667
55	60	J	M	TKAIGK	KKAIGN	0.33333
71	85	J	M	EVGQNGSLLAGAYAI	GANQNGSLLAGAYVI	0.2
89	89	J	M	I	I	0.0
112	116	J	M	AKDCS	AKKCN	0.4
134	148	J	M	D--ASDDDAKKAILK	NGAATDANAKAAILK	0.46667
155	157	J	M	DKG	DKG	0.0
173	195	J	M	KAAKEMLNKSVKELTSPIVAESP	KAAQETLNNSVKELTSPVVAENP	0.21739
4	11	J	T	GKDGNTSA	GKDGNASV	0.25
39	44	J	T	AVKEIE	AVKEVE	0.16667
55	60	J	T	TKAIGK	NKAIGQ	0.33333
71	85	J	T	EVGQNGSLLAGAYAI	DAGHNGPLLAGAYAI	0.26667
89	89	J	T	I	I	0.0
112	116	J	T	AKDCS	AKKCS	0.2
134	148	J	T	D--ASDDDAKKAILK	GGNATDENAKQAILK	0.53333
155	157	J	T	DKG	TKG	0.33333
173	195	J	T	KAAKEMLNKSVKELTSPIVAESP	KAAQAMLTNSVKELTSPVVAETP	0.21739
4	11	J	F	GKDGNTSA	GKDGNTSA	0.0
39	44	J	F	AVKEIE	AVKEIE	0.0
55	60	J	F	TKAIGK	TKAIGQ	0.16667
71	85	J	F	EVGQNGSLLAGAYAI	QANQNGSLLAGAYAI	0.2
89	89	J	F	I	I	0.0
112	116	J	F	AKDCS	VKKCS	0.4
134	148	J	F	D--ASDDDAKKAILK	A--ATDDNAKAAILK	0.26667
155	157	J	F	DKG	DKG	0.0
173	195	J	F	KAAKEMLNKSVKELTSPIVAESP	KAAQVMLTNSVKELTSPVVAESP	0.17391
4	11	I	A	GKDGNTSA	GKDGNTSA	0.0
39	44	I	A	AVKEVE	AVKEVE	0.0
55	60	I	A	-KAIGK	AKAIGK	0.16667
71	85	I	A	EADHNGSLISGAYLI	ENNHNGSLLAGAYAI	0.33333
89	89	I	A	I	I	0.0
112	116	I	A	AKKCS	AKKCS	0.0
134	148	I	A	G--VTDDNAKKAILK	G--VTDADAKEAILK	0.13333
155	157	I	A	TKG	TKG	0.0
173	195	I	A	KAAKEMLTNSVKELTSPVVAESP	KAAKEMLANSVKELTSPVVAESP	0.04348
4	11	I	K	GKDGNTSA	GKDGNTSA	0.0
39	44	I	K	AVKEVE	AVKEIE	0.16667
55	60	I	K	-KAIGK	TKAIGK	0.16667
71	85	I	K	EADHNGSLISGAYLI	EAGHNGTLLAGAYTI	0.33333
89	89	I	K	I	I	0.0
112	116	I	K	AKKCS	AKKCS	0.0
134	148	I	K	G--VTDDNAKKAILK	N--VTDENAKKAILI	0.2
155	157	I	K	TKG	DKG	0.33333
173	195	I	K	KAAKEMLTNSVKELTSPVVAESP	KAAKEMLANSVKELTSPIVAESP	0.08696
4	11	I	C	GKDGNTSA	GKDGNASA	0.125
39	44	I	C	AVKEVE	AVKEVE	0.0
55	60	I	C	-KAIGK	-KAIGK	0.0
71	85	I	C	EADHNGSLISGAYLI	EADNNGSLIAGAYTI	0.2
89	89	I	C	I	I	0.0
112	116	I	C	AKKCS	AKKCS	0.0
134	148	I	C	G--VTDDNAKKAILK	D--ATDVHAKEAILK	0.33333
155	157	I	C	TKG	DKG	0.33333
173	195	I	C	KAAKEMLTNSVKELTSPVVAESP	KAAKEMLSNSVKELTSPVVAESP	0.04348
4	11	I	M	GKDGNTSA	GKDGNTSA	0.0
39	44	I	M	AVKEVE	AVKEVE	0.0
55	60	I	M	-KAIGK	KKAIGN	0.33333
71	85	I	M	EADHNGSLISGAYLI	GANQNGSLLAGAYVI	0.4
89	89	I	M	I	I	0.0
112	116	I	M	AKKCS	AKKCN	0.2
134	148	I	M	G--VTDDNAKKAILK	NGAATDANAKAAILK	0.33333
155	157	I	M	TKG	DKG	0.33333
173	195	I	M	KAAKEMLTNSVKELTSPVVAESP	KAAQETLNNSVKELTSPVVAENP	0.17391
4	11	I	T	GKDGNTSA	GKDGNASV	0.25
39	44	I	T	AVKEVE	AVKEVE	0.0
55	60	I	T	-KAIGK	NKAIGQ	0.33333
71	85	I	T	EADHNGSLISGAYLI	DAGHNGPLLAGAYAI	0.4
89	89	I	T	I	I	0.0
112	116	I	T	AKKCS	AKKCS	0.0
134	148	I	T	G--VTDDNAKKAILK	GGNATDENAKQAILK	0.33333
155	157	I	T	TKG	TKG	0.0
173	195	I	T	KAAKEMLTNSVKELTSPVVAESP	KAAQAMLTNSVKELTSPVVAETP	0.13043
4	11	I	F	GKDGNTSA	GKDGNTSA	0.0
39	44	I	F	AVKEVE	AVKEIE	0.16667
55	60	I	F	-KAIGK	TKAIGQ	0.33333
71	85	I	F	EADHNGSLISGAYLI	QANQNGSLLAGAYAI	0.4
89	89	I	F	I	I	0.0
112	116	I	F	AKKCS	VKKCS	0.2
134	148	I	F	G--VTDDNAKKAILK	A--ATDDNAKAAILK	0.2
155	157	I	F	TKG	DKG	0.33333
173	195	I	F	KAAKEMLTNSVKELTSPVVAESP	KAAQVMLTNSVKELTSPVVAESP	0.08696
4	11	A	K	GKDGNTSA	GKDGNTSA	0.0
39	44	A	K	AVKEVE	AVKEIE	0.16667
55	60	A	K	AKAIGK	TKAIGK	0.16667
71	85	A	K	ENNHNGSLLAGAYAI	EAGHNGTLLAGAYTI	0.26667
89	89	A	K	I	I	0.0
112	116	A	K	AKKCS	AKKCS	0.0
134	148	A	K	G--VTDADAKEAILK	N--VTDENAKKAILI	0.33333
155	157	A	K	TKG	DKG	0.33333
173	195	A	K	KAAKEMLANSVKELTSPVVAESP	KAAKEMLANSVKELTSPIVAESP	0.04348
4	11	A	C	GKDGNTSA	GKDGNASA	0.125
39	44	A	C	AVKEVE	AVKEVE	0.0
55	60	A	C	AKAIGK	-KAIGK	0.16667
71	85	A	C	ENNHNGSLLAGAYAI	EADNNGSLIAGAYTI	0.26667
89	89	A	C	I	I	0.0
112	116	A	C	AKKCS	AKKCS	0.0
134	148	A	C	G--VTDADAKEAILK	D--ATDVHAKEAILK	0.26667
155	157	A	C	TKG	DKG	0.33333
173	195	A	C	KAAKEMLANSVKELTSPVVAESP	KAAKEMLSNSVKELTSPVVAESP	0.04348
4	11	A	M	GKDGNTSA	GKDGNTSA	0.0
39	44	A	M	AVKEVE	AVKEVE	0.0
55	60	A	M	AKAIGK	KKAIGN	0.33333
71	85	A	M	ENNHNGSLLAGAYAI	GANQNGSLLAGAYVI	0.26667
89	89	A	M	I	I	0.0
112	116	A	M	AKKCS	AKKCN	0.2
134	148	A	M	G--VTDADAKEAILK	NGAATDANAKAAILK	0.33333
155	157	A	M	TKG	DKG	0.33333
173	195	A	M	KAAKEMLANSVKELTSPVVAESP	KAAQETLNNSVKELTSPVVAENP	0.17391
4	11	A	T	GKDGNTSA	GKDGNASV	0.25
39	44	A	T	AVKEVE	AVKEVE	0.0
55	60	A	T	AKAIGK	NKAIGQ	0.33333
71	85	A	T	ENNHNGSLLAGAYAI	DAGHNGPLLAGAYAI	0.26667
89	89	A	T	I	I	0.0
112	116	A	T	AKKCS	AKKCS	0.0
134	148	A	T	G--VTDADAKEAILK	GGNATDENAKQAILK	0.4
155	157	A	T	TKG	TKG	0.0
173	195	A	T	KAAKEMLANSVKELTSPVVAESP	KAAQAMLTNSVKELTSPVVAETP	0.17391
4	11	A	F	GKDGNTSA	GKDGNTSA	0.0
39	44	A	F	AVKEVE	AVKEIE	0.16667
55	60	A	F	AKAIGK	TKAIGQ	0.33333
71	85	A	F	ENNHNGSLLAGAYAI	QANQNGSLLAGAYAI	0.2
89	89	A	F	I	I	0.0
112	116	A	F	AKKCS	VKKCS	0.2
134	148	A	F	G--VTDADAKEAILK	A--ATDDNAKAAILK	0.26667
155	157	A	F	TKG	DKG	0.33333
173	195	A	F	KAAKEMLANSVKELTSPVVAESP	KAAQVMLTNSVKELTSPVVAESP	0.13043
4	11	K	C	GKDGNTSA	GKDGNASA	0.125
39	44	K	C	AVKEIE	AVKEVE	0.16667
55	60	K	C	TKAIGK	-KAIGK	0.16667
71	85	K	C	EAGHNGTLLAGAYTI	EADNNGSLIAGAYTI	0.26667
89	89	K	C	I	I	0.0
112	116	K	C	AKKCS	AKKCS	0.0
134	148	K	C	N--VTDENAKKAILI	D--ATDVHAKEAILK	0.4
155	157	K	C	DKG	DKG	0.0
173	195	K	C	KAAKEMLANSVKELTSPIVAESP	KAAKEMLSNSVKELTSPVVAESP	0.08696
4	11	K	M	GKDGNTSA	GKDGNTSA	0.0
39	44	K	M	AVKEIE	AVKEVE	0.16667
55	60	K	M	TKAIGK	KKAIGN	0.33333
71	85	K	M	EAGHNGTLLAGAYTI	GANQNGSLLAGAYVI	0.33333
89	89	K	M	I	I	0.0
112	116	K	M	AKKCS	AKKCN	0.2
134	148	K	M	N--VTDENAKKAILI	NGAATDANAKAAILK	0.4
155	157	K	M	DKG	DKG	0.0
173	195	K	M	KAAKEMLANSVKELTSPIVAESP	KAAQETLNNSVKELTSPVVAENP	0.21739
4	11	K	T	GKDGNTSA	GKDGNASV	0.25
39	44	K	T	AVKEIE	AVKEVE	0.16667
55	60	K	T	TKAIGK	NKAIGQ	0.33333
71	85	K	T	EAGHNGTLLAGAYTI	DAGHNGPLLAGAYAI	0.2
89	89	K	T	I	I	0.0
112	116	K	T	AKKCS	AKKCS	0.0
134	148	K	T	N--VTDENAKKAILI	GGNATDENAKQAILK	0.33333
155	157	K	T	DKG	TKG	0.33333
173	195	K	T	KAAKEMLANSVKELTSPIVAESP	KAAQAMLTNSVKELTSPVVAETP	0.21739
4	11	K	F	GKDGNTSA	GKDGNTSA	0.0
39	44	K	F	AVKEIE	AVKEIE	0.0
55	60	K	F	TKAIGK	TKAIGQ	0.16667
71	85	K	F	EAGHNGTLLAGAYTI	QANQNGSLLAGAYAI	0.33333
89	89	K	F	I	I	0.0
112	116	K	F	AKKCS	VKKCS	0.2
134	148	K	F	N--VTDENAKKAILI	A--ATDDNAKAAILK	0.33333
155	157	K	F	DKG	DKG	0.0
173	195	K	F	KAAKEMLANSVKELTSPIVAESP	KAAQVMLTNSVKELTSPVVAESP	0.17391
4	11	C	M	GKDGNASA	GKDGNTSA	0.125
39	44	C	M	AVKEVE	AVKEVE	0.0
55	60	C	M	-KAIGK	KKAIGN	0.33333
71	85	C	M	EADNNGSLIAGAYTI	GANQNGSLLAGAYVI	0.26667
89	89	C	M	I	I	0.0
112	116	C	M	AKKCS	AKKCN	0.2
134	148	C	M	D--ATDVHAKEAILK	NGAATDANAKAAILK	0.4
155	157	C	M	DKG	DKG	0.0
173	195	C	M	KAAKEMLSNSVKELTSPVVAESP	KAAQETLNNSVKELTSPVVAENP	0.17391
4	11	C	T	GKDGNASA	GKDGNASV	0.125
39	44	C	T	AVKEVE	AVKEVE	0.0
55	60	C	T	-KAIGK	NKAIGQ	0.33333
71	85	C	T	EADNNGSLIAGAYTI	DAGHNGPLLAGAYAI	0.4
89	89	C	T	I	I	0.0
112	116	C	T	AKKCS	AKKCS	0.0
134	148	C	T	D--ATDVHAKEAILK	GGNATDENAKQAILK	0.4
155	157	C	T	DKG	TKG	0.33333
173	195	C	T	KAAKEMLSNSVKELTSPVVAESP	KAAQAMLTNSVKELTSPVVAETP	0.17391
4	11	C	F	GKDGNASA	GKDGNTSA	0.125
39	44	C	F	AVKEVE	AVKEIE	0.16667
55	60	C	F	-KAIGK	TKAIGQ	0.33333
71	85	C	F	EADNNGSLIAGAYTI	QANQNGSLLAGAYAI	0.26667
89	89	C	F	I	I	0.0
112	116	C	F	AKKCS	VKKCS	0.2
134	148	C	F	D--ATDVHAKEAILK	A--ATDDNAKAAILK	0.26667
155	157	C	F	DKG	DKG	0.0
173	195	C	F	KAAKEMLSNSVKELTSPVVAESP	KAAQVMLTNSVKELTSPVVAESP	0.13043
4	11	M	T	GKDGNTSA	GKDGNASV	0.25
39	44	M	T	AVKEVE	AVKEVE	0.0
55	60	M	T	KKAIGN	NKAIGQ	0.33333
71	85	M	T	GANQNGSLLAGAYVI	DAGHNGPLLAGAYAI	0.33333
89	89	M	T	I	I	0.0
112	116	M	T	AKKCN	AKKCS	0.2
134	148	M	T	NGAATDANAKAAILK	GGNATDENAKQAILK	0.26667
155	157	M	T	DKG	TKG	0.33333
173	195	M	T	KAAQETLNNSVKELTSPVVAENP	KAAQAMLTNSVKELTSPVVAETP	0.17391
4	11	M	F	GKDGNTSA	GKDGNTSA	0.0
39	44	M	F	AVKEVE	AVKEIE	0.16667
55	60	M	F	KKAIGN	TKAIGQ	0.33333
71	85	M	F	GANQNGSLLAGAYVI	QANQNGSLLAGAYAI	0.13333
89	89	M	F	I	I	0.0
112	116	M	F	AKKCN	VKKCS	0.4
134	148	M	F	NGAATDANAKAAILK	A--ATDDNAKAAILK	0.2
155	157	M	F	DKG	DKG	0.0
173	195	M	F	KAAQETLNNSVKELTSPVVAENP	KAAQVMLTNSVKELTSPVVAESP	0.17391
4	11	T	F	GKDGNASV	GKDGNTSA	0.25
39	44	T	F	AVKEVE	AVKEIE	0.16667
55	60	T	F	NKAIGQ	TKAIGQ	0.16667
71	85	T	F	DAGHNGPLLAGAYAI	QANQNGSLLAGAYAI	0.26667
89	89	T	F	I	I	0.0
112	116	T	F	AKKCS	VKKCS	0.2
134	148	T	F	GGNATDENAKQAILK	A--ATDDNAKAAILK	0.33333
155	157	T	F	TKG	DKG	0.33333
173	195	T	F	KAAQAMLTNSVKELTSPVVAETP	KAAQVMLTNSVKELTSPVVAESP	0.08696
